stm32-ai-langgraph, 0.12%, 1.144GiB / 23.47GiB
stm32-ai-langgraph, 0.11%, 1.144GiB / 23.47GiB
stm32-ai-langgraph, 0.12%, 1.144GiB / 23.47GiB
stm32-ai-langgraph, 0.13%, 1.144GiB / 23.47GiB
stm32-ai-langgraph, 0.10%, 1.144GiB / 23.47GiB
stm32-ai-langgraph, 0.09%, 1.144GiB / 23.47GiB
stm32-ai-langgraph, 0.10%, 1.144GiB / 23.47GiB
stm32-ai-langgraph, 0.11%, 1.144GiB / 23.47GiB
stm32-ai-langgraph, 0.12%, 1.144GiB / 23.47GiB
stm32-ai-langgraph, 0.10%, 1.144GiB / 23.47GiB
stm32-ai-langgraph, 0.10%, 1.145GiB / 23.47GiB
stm32-ai-langgraph, 0.09%, 1.144GiB / 23.47GiB
stm32-ai-langgraph, 0.09%, 1.144GiB / 23.47GiB
stm32-ai-langgraph, 0.10%, 1.144GiB / 23.47GiB
stm32-ai-langgraph, 0.10%, 1.144GiB / 23.47GiB
stm32-ai-langgraph, 0.09%, 1.144GiB / 23.47GiB
stm32-ai-langgraph, 0.10%, 1.144GiB / 23.47GiB
stm32-ai-langgraph, 0.09%, 1.144GiB / 23.47GiB
stm32-ai-langgraph, 0.10%, 1.144GiB / 23.47GiB
stm32-ai-langgraph, 0.09%, 1.144GiB / 23.47GiB
stm32-ai-langgraph, 0.10%, 1.144GiB / 23.47GiB
stm32-ai-langgraph, 0.10%, 1.145GiB / 23.47GiB
stm32-ai-langgraph, 0.09%, 1.144GiB / 23.47GiB
stm32-ai-langgraph, 0.09%, 1.144GiB / 23.47GiB
stm32-ai-langgraph, 0.11%, 1.144GiB / 23.47GiB
stm32-ai-langgraph, 0.10%, 1.144GiB / 23.47GiB
stm32-ai-langgraph, 7.64%, 1.15GiB / 23.47GiB
stm32-ai-langgraph, 0.13%, 1.15GiB / 23.47GiB
stm32-ai-langgraph, 0.44%, 1.15GiB / 23.47GiB
stm32-ai-langgraph, 0.10%, 1.15GiB / 23.47GiB
stm32-ai-langgraph, 0.13%, 1.15GiB / 23.47GiB
stm32-ai-langgraph, 0.09%, 1.15GiB / 23.47GiB
stm32-ai-langgraph, 5.99%, 1.15GiB / 23.47GiB
stm32-ai-langgraph, 0.11%, 1.15GiB / 23.47GiB
stm32-ai-langgraph, 0.28%, 1.15GiB / 23.47GiB
stm32-ai-langgraph, 225.04%, 1.482GiB / 23.47GiB
stm32-ai-langgraph, 678.18%, 1.883GiB / 23.47GiB
stm32-ai-langgraph, 852.03%, 2.306GiB / 23.47GiB
stm32-ai-langgraph, 11.78%, 2.424GiB / 23.47GiB
stm32-ai-langgraph, 290.07%, 2.649GiB / 23.47GiB
stm32-ai-langgraph, 7.46%, 2.662GiB / 23.47GiB
stm32-ai-langgraph, 5.87%, 2.665GiB / 23.47GiB
stm32-ai-langgraph, 7.24%, 2.674GiB / 23.47GiB
stm32-ai-langgraph, 12.06%, 2.677GiB / 23.47GiB
stm32-ai-langgraph, 3.63%, 2.684GiB / 23.47GiB
stm32-ai-langgraph, 5.81%, 2.689GiB / 23.47GiB
stm32-ai-langgraph, 3.39%, 2.689GiB / 23.47GiB
stm32-ai-langgraph, 6.03%, 2.692GiB / 23.47GiB
stm32-ai-langgraph, 3.26%, 2.692GiB / 23.47GiB
stm32-ai-langgraph, 5.54%, 2.694GiB / 23.47GiB
stm32-ai-langgraph, 9.71%, 2.696GiB / 23.47GiB
stm32-ai-langgraph, 3.32%, 2.699GiB / 23.47GiB
stm32-ai-langgraph, 10.09%, 2.701GiB / 23.47GiB
stm32-ai-langgraph, 2.14%, 2.698GiB / 23.47GiB
stm32-ai-langgraph, 18.57%, 2.704GiB / 23.47GiB
stm32-ai-langgraph, 3.85%, 2.704GiB / 23.47GiB
stm32-ai-langgraph, 1.28%, 2.705GiB / 23.47GiB
stm32-ai-langgraph, 1.59%, 2.705GiB / 23.47GiB
stm32-ai-langgraph, 9.13%, 2.705GiB / 23.47GiB
stm32-ai-langgraph, 17.03%, 2.724GiB / 23.47GiB
stm32-ai-langgraph, 6.66%, 2.717GiB / 23.47GiB
stm32-ai-langgraph, 8.72%, 2.744GiB / 23.47GiB
stm32-ai-langgraph, 364.25%, 2.982GiB / 23.47GiB
stm32-ai-langgraph, 287.52%, 4.068GiB / 23.47GiB
stm32-ai-langgraph, 264.47%, 4.296GiB / 23.47GiB
stm32-ai-langgraph, 231.12%, 4.302GiB / 23.47GiB
stm32-ai-langgraph, 369.89%, 3.3GiB / 23.47GiB
stm32-ai-langgraph, 201.49%, 3.414GiB / 23.47GiB
stm32-ai-langgraph, 245.70%, 3.665GiB / 23.47GiB
stm32-ai-langgraph, 49.02%, 2.293GiB / 23.47GiB
stm32-ai-langgraph, 20.15%, 2.297GiB / 23.47GiB
stm32-ai-langgraph, 0.29%, 2.292GiB / 23.47GiB
stm32-ai-langgraph, 0.33%, 2.292GiB / 23.47GiB
stm32-ai-langgraph, 0.35%, 2.292GiB / 23.47GiB
stm32-ai-langgraph, 99.63%, 2.399GiB / 23.47GiB
stm32-ai-langgraph, 22.36%, 2.81GiB / 23.47GiB
stm32-ai-langgraph, 1.39%, 2.821GiB / 23.47GiB
stm32-ai-langgraph, 0.36%, 2.821GiB / 23.47GiB
stm32-ai-langgraph, 0.46%, 2.821GiB / 23.47GiB
stm32-ai-langgraph, 0.43%, 2.821GiB / 23.47GiB
stm32-ai-langgraph, 0.41%, 2.821GiB / 23.47GiB
stm32-ai-langgraph, 0.38%, 2.82GiB / 23.47GiB
stm32-ai-langgraph, 0.38%, 2.82GiB / 23.47GiB
stm32-ai-langgraph, 0.42%, 2.82GiB / 23.47GiB
stm32-ai-langgraph, 0.37%, 2.82GiB / 23.47GiB
stm32-ai-langgraph, 0.38%, 2.82GiB / 23.47GiB
stm32-ai-langgraph, 2.07%, 2.824GiB / 23.47GiB
stm32-ai-langgraph, 0.37%, 2.824GiB / 23.47GiB
stm32-ai-langgraph, 0.34%, 2.824GiB / 23.47GiB
stm32-ai-langgraph, 0.41%, 2.824GiB / 23.47GiB
stm32-ai-langgraph, 0.36%, 2.824GiB / 23.47GiB
stm32-ai-langgraph, 0.35%, 2.824GiB / 23.47GiB
stm32-ai-langgraph, 0.36%, 2.824GiB / 23.47GiB
stm32-ai-langgraph, 3.85%, 2.824GiB / 23.47GiB
stm32-ai-langgraph, 0.42%, 2.825GiB / 23.47GiB
stm32-ai-langgraph, 174.44%, 2.952GiB / 23.47GiB
stm32-ai-langgraph, 129.56%, 3.279GiB / 23.47GiB
stm32-ai-langgraph, 197.10%, 2.998GiB / 23.47GiB
stm32-ai-langgraph, 129.76%, 3.293GiB / 23.47GiB
stm32-ai-langgraph, 10.74%, 2.827GiB / 23.47GiB
stm32-ai-langgraph, 17.35%, 2.828GiB / 23.47GiB
stm32-ai-langgraph, 17.57%, 2.829GiB / 23.47GiB
stm32-ai-langgraph, 15.69%, 2.831GiB / 23.47GiB
stm32-ai-langgraph, 15.09%, 2.832GiB / 23.47GiB
stm32-ai-langgraph, 15.43%, 2.833GiB / 23.47GiB
stm32-ai-langgraph, 16.06%, 2.835GiB / 23.47GiB
stm32-ai-langgraph, 15.94%, 2.836GiB / 23.47GiB
stm32-ai-langgraph, 14.89%, 2.837GiB / 23.47GiB
stm32-ai-langgraph, 8.89%, 2.839GiB / 23.47GiB
stm32-ai-langgraph, 8.99%, 2.84GiB / 23.47GiB
stm32-ai-langgraph, 10.01%, 2.841GiB / 23.47GiB
stm32-ai-langgraph, 9.32%, 2.843GiB / 23.47GiB
stm32-ai-langgraph, 8.99%, 2.844GiB / 23.47GiB
stm32-ai-langgraph, 9.27%, 2.846GiB / 23.47GiB
stm32-ai-langgraph, 8.31%, 2.847GiB / 23.47GiB
stm32-ai-langgraph, 79.34%, 2.923GiB / 23.47GiB
stm32-ai-langgraph, 100.35%, 2.976GiB / 23.47GiB
stm32-ai-langgraph, 100.47%, 3.029GiB / 23.47GiB
stm32-ai-langgraph, 100.05%, 3.082GiB / 23.47GiB
stm32-ai-langgraph, 106.15%, 3.293GiB / 23.47GiB
stm32-ai-langgraph, 106.28%, 3.533GiB / 23.47GiB
stm32-ai-langgraph, 106.00%, 3.799GiB / 23.47GiB
stm32-ai-langgraph, 92.91%, 3.77GiB / 23.47GiB
stm32-ai-langgraph, 100.55%, 3.87GiB / 23.47GiB
stm32-ai-langgraph, 101.96%, 4.65GiB / 23.47GiB
stm32-ai-langgraph, 100.89%, 6.379GiB / 23.47GiB
stm32-ai-langgraph, 100.50%, 9.566GiB / 23.47GiB
stm32-ai-langgraph, 76.90%, 11.15GiB / 23.47GiB
stm32-ai-langgraph, 100.35%, 8.87GiB / 23.47GiB
stm32-ai-langgraph, 101.37%, 11.47GiB / 23.47GiB
stm32-ai-langgraph, 100.92%, 12.68GiB / 23.47GiB
stm32-ai-langgraph, 100.02%, 11.81GiB / 23.47GiB
stm32-ai-langgraph, 101.03%, 14.52GiB / 23.47GiB
stm32-ai-langgraph, 0.73%, 15.85GiB / 23.47GiB
stm32-ai-langgraph, 0.59%, 15.85GiB / 23.47GiB
stm32-ai-langgraph, 0.60%, 15.85GiB / 23.47GiB
stm32-ai-langgraph, 0.67%, 15.85GiB / 23.47GiB
stm32-ai-langgraph, 0.60%, 15.76GiB / 23.47GiB
stm32-ai-langgraph, 59.61%, 6.864GiB / 23.47GiB
stm32-ai-langgraph, 72.20%, 3.685GiB / 23.47GiB
stm32-ai-langgraph, 168.65%, 3.998GiB / 23.47GiB
stm32-ai-langgraph, 193.95%, 3.665GiB / 23.47GiB
stm32-ai-langgraph, 190.11%, 4.021GiB / 23.47GiB
stm32-ai-langgraph, 47.90%, 3.601GiB / 23.47GiB
stm32-ai-langgraph, 190.15%, 3.751GiB / 23.47GiB
stm32-ai-langgraph, 133.57%, 4.054GiB / 23.47GiB
stm32-ai-langgraph, 100.64%, 4.118GiB / 23.47GiB
stm32-ai-langgraph, 101.81%, 4.224GiB / 23.47GiB
stm32-ai-langgraph, 99.81%, 4.341GiB / 23.47GiB
stm32-ai-langgraph, 120.01%, 3.86GiB / 23.47GiB
stm32-ai-langgraph, 70.50%, 4.216GiB / 23.47GiB
stm32-ai-langgraph, 97.81%, 4.341GiB / 23.47GiB
stm32-ai-langgraph, 100.63%, 4.349GiB / 23.47GiB
stm32-ai-langgraph, 100.67%, 4.35GiB / 23.47GiB
stm32-ai-langgraph, 54.76%, 4.381GiB / 23.47GiB
stm32-ai-langgraph, 36.17%, 4.073GiB / 23.47GiB
stm32-ai-langgraph, 0.67%, 4.073GiB / 23.47GiB
stm32-ai-langgraph, 72.05%, 4.077GiB / 23.47GiB
stm32-ai-langgraph, 3.83%, 4.093GiB / 23.47GiB
stm32-ai-langgraph, 4.83%, 4.094GiB / 23.47GiB
stm32-ai-langgraph, 185.96%, 4.326GiB / 23.47GiB
stm32-ai-langgraph, 102.93%, 4.572GiB / 23.47GiB
stm32-ai-langgraph, 100.63%, 4.288GiB / 23.47GiB
stm32-ai-langgraph, 134.41%, 4.563GiB / 23.47GiB
stm32-ai-langgraph, 5.00%, 4.098GiB / 23.47GiB
stm32-ai-langgraph, 19.42%, 4.099GiB / 23.47GiB
stm32-ai-langgraph, 17.28%, 4.101GiB / 23.47GiB
stm32-ai-langgraph, 15.36%, 4.102GiB / 23.47GiB
stm32-ai-langgraph, 3.13%, 4.103GiB / 23.47GiB
stm32-ai-langgraph, 5.69%, 4.103GiB / 23.47GiB
stm32-ai-langgraph, 8.09%, 4.104GiB / 23.47GiB
stm32-ai-langgraph, 9.36%, 4.106GiB / 23.47GiB
stm32-ai-langgraph, 13.08%, 4.108GiB / 23.47GiB
stm32-ai-langgraph, 11.31%, 4.11GiB / 23.47GiB
stm32-ai-langgraph, 12.34%, 4.111GiB / 23.47GiB
stm32-ai-langgraph, 10.05%, 4.113GiB / 23.47GiB
stm32-ai-langgraph, 12.46%, 4.115GiB / 23.47GiB
stm32-ai-langgraph, 13.58%, 4.116GiB / 23.47GiB
stm32-ai-langgraph, 11.33%, 4.118GiB / 23.47GiB
stm32-ai-langgraph, 14.09%, 4.121GiB / 23.47GiB
stm32-ai-langgraph, 13.90%, 4.265GiB / 23.47GiB
stm32-ai-langgraph, 15.88%, 4.406GiB / 23.47GiB
stm32-ai-langgraph, 100.76%, 4.485GiB / 23.47GiB
stm32-ai-langgraph, 100.88%, 4.536GiB / 23.47GiB
stm32-ai-langgraph, 279.07%, 4.812GiB / 23.47GiB
stm32-ai-langgraph, 676.85%, 5.248GiB / 23.47GiB
stm32-ai-langgraph, 807.33%, 5.484GiB / 23.47GiB
stm32-ai-langgraph, 921.75%, 5.688GiB / 23.47GiB
stm32-ai-langgraph, 948.43%, 5.9GiB / 23.47GiB
stm32-ai-langgraph, 1002.37%, 6.421GiB / 23.47GiB
stm32-ai-langgraph, 1029.84%, 6.988GiB / 23.47GiB
stm32-ai-langgraph, 1019.67%, 7.678GiB / 23.47GiB
stm32-ai-langgraph, 1019.50%, 8.738GiB / 23.47GiB
stm32-ai-langgraph, 951.02%, 9.136GiB / 23.47GiB
stm32-ai-langgraph, 1077.58%, 9.8GiB / 23.47GiB
stm32-ai-langgraph, 1106.60%, 10.11GiB / 23.47GiB
stm32-ai-langgraph, 935.03%, 10.47GiB / 23.47GiB
stm32-ai-langgraph, 866.61%, 10.91GiB / 23.47GiB
stm32-ai-langgraph, 883.65%, 11.38GiB / 23.47GiB
stm32-ai-langgraph, 909.34%, 11.5GiB / 23.47GiB
stm32-ai-langgraph, 904.96%, 11.78GiB / 23.47GiB
stm32-ai-langgraph, 879.42%, 12.09GiB / 23.47GiB
stm32-ai-langgraph, 1113.32%, 11.04GiB / 23.47GiB
stm32-ai-langgraph, 868.51%, 11.05GiB / 23.47GiB
stm32-ai-langgraph, 842.91%, 12.81GiB / 23.47GiB
stm32-ai-langgraph, 894.67%, 13.39GiB / 23.47GiB
stm32-ai-langgraph, 758.50%, 13.48GiB / 23.47GiB
stm32-ai-langgraph, 572.34%, 12.04GiB / 23.47GiB
stm32-ai-langgraph, 445.34%, 11.49GiB / 23.47GiB
stm32-ai-langgraph, 342.54%, 11.84GiB / 23.47GiB
stm32-ai-langgraph, 158.26%, 10.84GiB / 23.47GiB
stm32-ai-langgraph, 100.68%, 9.14GiB / 23.47GiB
stm32-ai-langgraph, 101.42%, 11.38GiB / 23.47GiB
stm32-ai-langgraph, 244.12%, 12.21GiB / 23.47GiB
stm32-ai-langgraph, 158.66%, 13.17GiB / 23.47GiB
stm32-ai-langgraph, 100.97%, 15.87GiB / 23.47GiB
stm32-ai-langgraph, 186.01%, 14.7GiB / 23.47GiB
stm32-ai-langgraph, 19.76%, 14.57GiB / 23.47GiB
stm32-ai-langgraph, 0.61%, 14.57GiB / 23.47GiB
stm32-ai-langgraph, 0.63%, 14.57GiB / 23.47GiB
stm32-ai-langgraph, 16.99%, 14.59GiB / 23.47GiB
stm32-ai-langgraph, 380.31%, 1.94GiB / 23.47GiB
stm32-ai-langgraph, 316.80%, 2.297GiB / 23.47GiB
stm32-ai-langgraph, 226.21%, 1.565GiB / 23.47GiB
stm32-ai-langgraph, 449.49%, 2.192GiB / 23.47GiB
stm32-ai-langgraph, 254.89%, 2.395GiB / 23.47GiB
stm32-ai-langgraph, 328.37%, 1.782GiB / 23.47GiB
stm32-ai-langgraph, 209.50%, 2.173GiB / 23.47GiB
stm32-ai-langgraph, 304.02%, 1.922GiB / 23.47GiB
stm32-ai-langgraph, 256.72%, 2.217GiB / 23.47GiB
stm32-ai-langgraph, 303.85%, 1.873GiB / 23.47GiB
stm32-ai-langgraph, 299.00%, 2.205GiB / 23.47GiB
stm32-ai-langgraph, 350.06%, 3.407GiB / 23.47GiB
stm32-ai-langgraph, 486.54%, 7.347GiB / 23.47GiB
stm32-ai-langgraph, 331.56%, 8.125GiB / 23.47GiB
stm32-ai-langgraph, 315.47%, 8.892GiB / 23.47GiB
stm32-ai-langgraph, 469.43%, 8.944GiB / 23.47GiB
stm32-ai-langgraph, 401.84%, 10.22GiB / 23.47GiB
stm32-ai-langgraph, 364.40%, 11.27GiB / 23.47GiB
stm32-ai-langgraph, 312.84%, 11.63GiB / 23.47GiB
stm32-ai-langgraph, 326.78%, 10.93GiB / 23.47GiB
stm32-ai-langgraph, 360.97%, 14.45GiB / 23.47GiB
stm32-ai-langgraph, 472.31%, 15.2GiB / 23.47GiB
stm32-ai-langgraph, 389.65%, 16.29GiB / 23.47GiB
stm32-ai-langgraph, 211.55%, 15.09GiB / 23.47GiB
stm32-ai-langgraph, 481.59%, 7.834GiB / 23.47GiB
stm32-ai-langgraph, 437.20%, 9.382GiB / 23.47GiB
stm32-ai-langgraph, 220.18%, 8.931GiB / 23.47GiB
stm32-ai-langgraph, 142.29%, 9.392GiB / 23.47GiB
stm32-ai-langgraph, 130.27%, 9.735GiB / 23.47GiB
stm32-ai-langgraph, 184.98%, 10.14GiB / 23.47GiB
stm32-ai-langgraph, 394.66%, 11.38GiB / 23.47GiB
stm32-ai-langgraph, 427.61%, 12.17GiB / 23.47GiB
stm32-ai-langgraph, 418.66%, 13.96GiB / 23.47GiB
stm32-ai-langgraph, 436.58%, 10.2GiB / 23.47GiB
stm32-ai-langgraph, 376.79%, 14.69GiB / 23.47GiB
stm32-ai-langgraph, 330.45%, 16.55GiB / 23.47GiB
stm32-ai-langgraph, 238.03%, 17.96GiB / 23.47GiB
stm32-ai-langgraph, 360.68%, 17.17GiB / 23.47GiB
stm32-ai-langgraph, 299.60%, 9.765GiB / 23.47GiB
stm32-ai-langgraph, 93.93%, 12.66GiB / 23.47GiB
stm32-ai-langgraph, 291.12%, 13.07GiB / 23.47GiB
stm32-ai-langgraph, 464.59%, 13.16GiB / 23.47GiB
stm32-ai-langgraph, 374.87%, 13.59GiB / 23.47GiB
stm32-ai-langgraph, 323.23%, 13.44GiB / 23.47GiB
stm32-ai-langgraph, 430.88%, 9.975GiB / 23.47GiB
stm32-ai-langgraph, 321.46%, 10.08GiB / 23.47GiB
stm32-ai-langgraph, 294.61%, 11.43GiB / 23.47GiB
stm32-ai-langgraph, 494.18%, 11GiB / 23.47GiB
stm32-ai-langgraph, 566.50%, 11.2GiB / 23.47GiB
stm32-ai-langgraph, 511.33%, 10.44GiB / 23.47GiB
stm32-ai-langgraph, 490.99%, 11.76GiB / 23.47GiB
stm32-ai-langgraph, 554.86%, 14.13GiB / 23.47GiB
stm32-ai-langgraph, 456.98%, 17.41GiB / 23.47GiB
stm32-ai-langgraph, 441.77%, 16.2GiB / 23.47GiB
stm32-ai-langgraph, 252.71%, 17.45GiB / 23.47GiB
stm32-ai-langgraph, 160.35%, 17.64GiB / 23.47GiB
stm32-ai-langgraph, 333.34%, 17.07GiB / 23.47GiB
stm32-ai-langgraph, 221.49%, 15.53GiB / 23.47GiB
stm32-ai-langgraph, 287.13%, 13.46GiB / 23.47GiB
stm32-ai-langgraph, 256.79%, 14.12GiB / 23.47GiB
stm32-ai-langgraph, 486.65%, 12.13GiB / 23.47GiB
stm32-ai-langgraph, 399.91%, 14.38GiB / 23.47GiB
stm32-ai-langgraph, 459.68%, 13.42GiB / 23.47GiB
stm32-ai-langgraph, 428.64%, 14.68GiB / 23.47GiB
stm32-ai-langgraph, 358.52%, 14.64GiB / 23.47GiB
stm32-ai-langgraph, 458.58%, 14.75GiB / 23.47GiB
stm32-ai-langgraph, 363.59%, 14.06GiB / 23.47GiB
stm32-ai-langgraph, 375.30%, 14.2GiB / 23.47GiB
stm32-ai-langgraph, 220.06%, 11.21GiB / 23.47GiB
stm32-ai-langgraph, 189.83%, 4.872GiB / 23.47GiB
stm32-ai-langgraph, 223.88%, 1.82GiB / 23.47GiB
stm32-ai-langgraph, 177.96%, 2.126GiB / 23.47GiB
stm32-ai-langgraph, 435.33%, 1.69GiB / 23.47GiB
stm32-ai-langgraph, 283.91%, 2.221GiB / 23.47GiB
stm32-ai-langgraph, 264.85%, 2.076GiB / 23.47GiB
stm32-ai-langgraph, 446.53%, 2.53GiB / 23.47GiB
stm32-ai-langgraph, 276.59%, 2.153GiB / 23.47GiB
stm32-ai-langgraph, 323.76%, 1.931GiB / 23.47GiB
stm32-ai-langgraph, 233.69%, 1.643GiB / 23.47GiB
stm32-ai-langgraph, 464.07%, 2.097GiB / 23.47GiB
stm32-ai-langgraph, 431.55%, 2.742GiB / 23.47GiB
stm32-ai-langgraph, 420.27%, 7.881GiB / 23.47GiB
stm32-ai-langgraph, 404.82%, 8.863GiB / 23.47GiB
stm32-ai-langgraph, 344.56%, 11.36GiB / 23.47GiB
stm32-ai-langgraph, 304.48%, 14.34GiB / 23.47GiB
stm32-ai-langgraph, 435.99%, 14.56GiB / 23.47GiB
stm32-ai-langgraph, 340.36%, 16.67GiB / 23.47GiB
stm32-ai-langgraph, 367.71%, 16.6GiB / 23.47GiB
stm32-ai-langgraph, 267.99%, 16.54GiB / 23.47GiB
stm32-ai-langgraph, 261.24%, 16.37GiB / 23.47GiB
stm32-ai-langgraph, 119.50%, 15.67GiB / 23.47GiB
stm32-ai-langgraph, 123.98%, 15.65GiB / 23.47GiB
stm32-ai-langgraph, 144.85%, 15.83GiB / 23.47GiB
stm32-ai-langgraph, 91.42%, 13.28GiB / 23.47GiB
stm32-ai-langgraph, 89.73%, 13.84GiB / 23.47GiB
stm32-ai-langgraph, 403.11%, 11.72GiB / 23.47GiB
stm32-ai-langgraph, 109.92%, 14.56GiB / 23.47GiB
stm32-ai-langgraph, 344.15%, 14.07GiB / 23.47GiB
stm32-ai-langgraph, 479.81%, 14.23GiB / 23.47GiB
stm32-ai-langgraph, 349.58%, 15.16GiB / 23.47GiB
stm32-ai-langgraph, 136.57%, 14.47GiB / 23.47GiB
stm32-ai-langgraph, 112.25%, 11.04GiB / 23.47GiB
stm32-ai-langgraph, 445.78%, 2.06GiB / 23.47GiB
stm32-ai-langgraph, 375.22%, 2.273GiB / 23.47GiB
stm32-ai-langgraph, 204.72%, 2.155GiB / 23.47GiB
stm32-ai-langgraph, 130.59%, 2.365GiB / 23.47GiB
stm32-ai-langgraph, 180.62%, 2.145GiB / 23.47GiB
stm32-ai-langgraph, 319.54%, 2.212GiB / 23.47GiB
stm32-ai-langgraph, 381.69%, 2.595GiB / 23.47GiB
stm32-ai-langgraph, 401.87%, 2.88GiB / 23.47GiB
stm32-ai-langgraph, 360.35%, 3.221GiB / 23.47GiB
stm32-ai-langgraph, 417.89%, 2.939GiB / 23.47GiB
stm32-ai-langgraph, 238.25%, 2.869GiB / 23.47GiB
stm32-ai-langgraph, 369.13%, 2.529GiB / 23.47GiB
stm32-ai-langgraph, 389.42%, 2.1GiB / 23.47GiB
stm32-ai-langgraph, 454.43%, 2.506GiB / 23.47GiB
stm32-ai-langgraph, 302.38%, 2.438GiB / 23.47GiB
stm32-ai-langgraph, 347.76%, 2.485GiB / 23.47GiB
stm32-ai-langgraph, 329.02%, 2.791GiB / 23.47GiB
stm32-ai-langgraph, 139.74%, 2.689GiB / 23.47GiB
stm32-ai-langgraph, 247.23%, 1.776GiB / 23.47GiB
stm32-ai-langgraph, 134.96%, 2.085GiB / 23.47GiB
stm32-ai-langgraph, 96.60%, 1.619GiB / 23.47GiB
stm32-ai-langgraph, 198.22%, 1.743GiB / 23.47GiB
stm32-ai-langgraph, 222.93%, 2.067GiB / 23.47GiB
stm32-ai-langgraph, 213.35%, 1.74GiB / 23.47GiB
stm32-ai-langgraph, 261.77%, 2.242GiB / 23.47GiB
stm32-ai-langgraph, 213.82%, 1.739GiB / 23.47GiB
stm32-ai-langgraph, 146.87%, 2.04GiB / 23.47GiB
stm32-ai-langgraph, 117.91%, 8.031GiB / 23.47GiB
stm32-ai-langgraph, 342.87%, 10.09GiB / 23.47GiB
stm32-ai-langgraph, 464.34%, 12.56GiB / 23.47GiB
stm32-ai-langgraph, 151.53%, 14.36GiB / 23.47GiB
stm32-ai-langgraph, 227.76%, 13.74GiB / 23.47GiB
stm32-ai-langgraph, 337.70%, 14.08GiB / 23.47GiB
stm32-ai-langgraph, 236.62%, 14.57GiB / 23.47GiB
stm32-ai-langgraph, 308.70%, 5.013GiB / 23.47GiB
stm32-ai-langgraph, 353.95%, 2.013GiB / 23.47GiB
stm32-ai-langgraph, 259.94%, 1.849GiB / 23.47GiB
stm32-ai-langgraph, 522.82%, 1.956GiB / 23.47GiB
stm32-ai-langgraph, 480.10%, 3.196GiB / 23.47GiB
stm32-ai-langgraph, 335.18%, 8.208GiB / 23.47GiB
stm32-ai-langgraph, 326.61%, 9.722GiB / 23.47GiB
stm32-ai-langgraph, 325.50%, 11.51GiB / 23.47GiB
stm32-ai-langgraph, 219.67%, 13.88GiB / 23.47GiB
stm32-ai-langgraph, 381.31%, 14.47GiB / 23.47GiB
stm32-ai-langgraph, 218.28%, 16.71GiB / 23.47GiB
stm32-ai-langgraph, 354.80%, 18.88GiB / 23.47GiB
stm32-ai-langgraph, 368.20%, 20.08GiB / 23.47GiB
stm32-ai-langgraph, 311.62%, 13.54GiB / 23.47GiB
stm32-ai-langgraph, 335.38%, 14.6GiB / 23.47GiB
stm32-ai-langgraph, 392.15%, 16.71GiB / 23.47GiB
stm32-ai-langgraph, 531.08%, 19.11GiB / 23.47GiB
stm32-ai-langgraph, 575.78%, 19.07GiB / 23.47GiB
stm32-ai-langgraph, 314.92%, 16.43GiB / 23.47GiB
stm32-ai-langgraph, 61.88%, 18.88GiB / 23.47GiB
stm32-ai-langgraph, 53.48%, 9.902GiB / 23.47GiB
stm32-ai-langgraph, 93.11%, 10.12GiB / 23.47GiB
stm32-ai-langgraph, 290.24%, 10.72GiB / 23.47GiB
stm32-ai-langgraph, 348.14%, 11.27GiB / 23.47GiB
stm32-ai-langgraph, 284.75%, 12.17GiB / 23.47GiB
stm32-ai-langgraph, 446.29%, 6.347GiB / 23.47GiB
stm32-ai-langgraph, 501.63%, 3.112GiB / 23.47GiB
stm32-ai-langgraph, 528.92%, 3.814GiB / 23.47GiB
stm32-ai-langgraph, 377.07%, 2.839GiB / 23.47GiB
stm32-ai-langgraph, 422.43%, 2.431GiB / 23.47GiB
stm32-ai-langgraph, 204.39%, 2.033GiB / 23.47GiB
stm32-ai-langgraph, 100.48%, 2.022GiB / 23.47GiB
stm32-ai-langgraph, 100.50%, 2.036GiB / 23.47GiB
stm32-ai-langgraph, 104.53%, 2.124GiB / 23.47GiB
stm32-ai-langgraph, 262.18%, 2.187GiB / 23.47GiB
stm32-ai-langgraph, 100.64%, 2.265GiB / 23.47GiB
stm32-ai-langgraph, 105.48%, 2.414GiB / 23.47GiB
